Acura,ACURA
Alfa Romeo,ALFA
AMC,AMC
Aston Martin,ASTON
Audi,AUDI
Bentley,BENTL
BMW,BMW
Buick,BUICK
Cadillac,CAD
Chevrolet,CHEV
Chrysler,CHRY
Daewoo,DAEW
Datsun,DATSUN
DeLorean,DELOREAN
Dodge,DODGE
Eagle,EAGLE
Ferrari,FER
FIAT,FIAT
Fisker,FISK
Ford,FORD
Freightliner,FREIGHT
Geo,GEO
GMC,GMC
Honda,HONDA
HUMMER,AMGEN
Hyundai,HYUND
Infiniti,INFIN
Isuzu,ISU
Jaguar,JAG
Jeep,JEEP
Kia,KIA
Lamborghini,LAM
Land Rover,ROV
Lexus,LEXUS
Lincoln,LINC
Lotus,LOTUS
Maserati,MAS
Maybach,MAYBACH
Mazda,MAZDA
McLaren,MCLAREN
Mercedes-Benz,MB
Mercury,MERC
MINI,MINI
Mitsubishi,MIT
Nissan,NISSAN
Oldsmobile,OLDS
Plymouth,PLYM
Pontiac,PONT
Porsche,POR
RAM,RAM
Rolls-Royce,RR
Saab,SAAB
Saturn,SATURN
Scion,SCION
smart,SMART
SRT,SRT
Subaru,SUB
Suzuki,SUZUKI
Tesla,TESLA
Toyota,TOYOTA
Volkswagen,VOLKS
Volvo,VOLVO
Yugo,YUGO
